{
    "1190110588957884526_carrinho": {
        "channel": "1190110588957884526",
        "user": "393838276009656341",
        "produto": "rockstar",
        "quantidade": 1,
        "status": 1
    },
    "1405248334389579867_carrinho": {
        "channel": "1405248334389579867",
        "user": "887725916795580448",
        "produto": "PainelExternalDiario",
        "quantidade": 1,
        "status": 1
    },
    "1405249888379342919_carrinho": {
        "channel": "1405249888379342919",
        "user": "887725916795580448",
        "produto": "testeMercado",
        "quantidade": 1,
        "status": 1
    },
    "1405256802647539824_carrinho": {
        "channel": "1405256802647539824",
        "user": "887725916795580448",
        "produto": "rockstar",
        "quantidade": 1,
        "status": 2
    }
}