{
    "Painel External": {
        "idpn": "Painel External",
        "titulo": "**Painel External Emulador**",
        "desc": "**PAINEL EXTERNAL**\n\n**FUNÇÕES:\n\n⠂AIMBOT LEGIT\n⠂AIMBOT RAGE\n⠂CHAMS\n⠂STREAM MODE\n⠂HIDE TASKBAR\n⠂BYPASS SS\n⠂2X PRIVATE\n⠂ANT BAN\n⠂ANT BLACKLIST\n\nPREÇOS:\n\n⠂PAINEL EXTERNAL DIÁRIO = R$ 9,99\n⠂PAINEL EXTERNAL SEMANAL = R$ 23,99\n⠂PAINEL EXTERNAL MENSAL = R$ 39,99\n⠂PAINEL EXTERNAL PERMANENTE = R$ 79,99**\n\n*Quer adquirir o Painel External para Emulador? Só abrir um ticket e falar que você vai querer o painel external emulador e falar o tempo que você vai querer!!*",
        "pd": [
            "PainelExternalDiario"
        ]
    },
    "teste": {
        "idpn": "teste",
        "titulo": "Sem Nome | Painel",
        "desc": "# Sem Descrição...",
        "pd": [
            "testeMercado"
        ]
    },
    "PainelExt": {
        "idpn": "PainelExt",
        "titulo": "Sem Nome | Painel",
        "desc": "# Sem Descrição...",
        "pd": [
            "PAINEL EXTERNAL SEMANAL",
            "PAINEL EXTERNAL MENSAL"
        ]
    },
    "external": {
        "idpn": "external",
        "titulo": "PAINEL EXTERNAL",
        "desc": "**FUNÇÕES:\n\n🎯AIMBOT LEGIT\n🎯AIMBOT RAGE\n🎯CHAMS\n🎯STREAM MODE\n🎯HIDE TASKBAR\n🎯BYPASS SS\n🎯2X PRIVATE\n🎯ANT BAN\n🎯ANT BLACKLIST**\n\n*Quer adquirir o Painel External para Emulador? Só abrir um ticket e falar que você vai querer o painel external emulador e falar o tempo que você vai querer!!*",
        "pd": [
            "rockstar",
            "PAINEL EXTERNAL SEMANAL",
            "PAINEL EXTERNAL MENSAL",
            "PAINEL EXTERNAL PERMANENTE"
        ]
    },
    "6TEST": {
        "idpn": "6TEST",
        "titulo": "Sem Nome | Painel",
        "desc": "# Sem Descrição...",
        "pd": [
            "rockstar"
        ]
    }
}