{
    "rockstar": {
        "idproduto": "rockstar",
        "titulo": "Painel External Diario",
        "desc": "**PAINEL EXTERNAL**\n\n**FUNÇÕES:\n\n⠂AIMBOT LEGIT\n⠂AIMBOT RAGE\n⠂CHAMS\n⠂STREAM MODE\n⠂HIDE TASKBAR\n⠂BYPASS SS\n⠂2X PRIVATE\n⠂ANT BAN\n⠂ANT BLACKLIST\n\nPREÇOS:\n\n⠂PAINEL EXTERNAL DIÁRIO = R$ 9,99\n⠂PAINEL EXTERNAL SEMANAL = R$ 23,99\n⠂PAINEL EXTERNAL MENSAL = R$ 39,99\n⠂PAINEL EXTERNAL PERMANENTE = R$ 79,99**\n\n*Quer adquirir o Painel External para Emulador? Só abrir um ticket e falar que você vai querer o painel external emulador e falar o tempo que você vai querer!!*",
        "nome": "Painel Diario",
        "valor": 9.99,
        "estoque": [
            "Abra um ticket de suporte para receber seu produto!",
            "Abra um ticket de suporte para receber seu produto!",
            "Abra um ticket de suporte para receber seu produto!",
            "Abra um ticket de suporte para receber seu produto!",
            "Abra um ticket de suporte para receber seu produto!",
            "Abra um ticket de suporte para receber seu produto!",
            "Abra um ticket de suporte para receber seu produto!",
            "Abra um ticket de suporte para receber seu produto!",
            "Abra um ticket de suporte para receber seu produto!",
            "Abra um ticket de suporte para receber seu produto!",
            "Abra um ticket de suporte para receber seu produto!",
            "Abra um ticket de suporte para receber seu produto!",
            "Abra um ticket de suporte para receber seu produto!",
            "Abra um ticket de suporte para receber seu produto!",
            "Abra um ticket de suporte para receber seu produto!"
        ],
        "minimo": 1,
        "banner": "https://media.discordapp.net/attachments/1393326693376065648/1404948170554998884/image.png?ex=689db432&is=689c62b2&hm=9faddd4246b1de09e43833d229ec781732c710a573251bc3a603a71e918933be&=&format=webp&quality=lossless&width=1336&height=722"
    },
    "PainelExternalDiario": {
        "idproduto": "PainelExternalDiario",
        "titulo": "PainelExternalDiario | Sem Titulo...",
        "desc": "⠂AIMBOT LEGIT\n⠂AIMBOT RAGE\n⠂CHAMS\n⠂STREAM MODE\n⠂HIDE TASKBAR\n⠂BYPASS SS\n⠂2X PRIVATE\n⠂ANT BAN\n⠂ANT BLACKLIST",
        "nome": "Painel External Diario",
        "valor": 9.99,
        "estoque": [
            "1216192595294683217 chame esse usuario no privado!",
            "1216192595294683217 chame esse usuario no privado!",
            "1216192595294683217 chame esse usuario no privado!",
            "1216192595294683217 chame esse usuario no privado!",
            "1216192595294683217 chame esse usuario no privado!",
            "1216192595294683217 chame esse usuario no privado!",
            "1216192595294683217 chame esse usuario no privado!",
            "1216192595294683217 chame esse usuario no privado!",
            "1216192595294683217 chame esse usuario no privado!",
            "1216192595294683217 chame esse usuario no privado!",
            "1216192595294683217 chame esse usuario no privado!",
            "1216192595294683217 chame esse usuario no privado!",
            "1216192595294683217 chame esse usuario no privado!",
            "1216192595294683217 chame esse usuario no privado!"
        ],
        "minimo": 1,
        "banner": "https://media.discordapp.net/attachments/1394843215672115300/1395079046966018219/thumb_realx.png?ex=689e0e1c&is=689cbc9c&hm=838bd671a5c3e2a7a72da39da232ead3ae273e38d3e8e26d48f3abdcb7e317ef&=&format=webp&quality=lossless"
    },
    "testeMercado": {
        "idproduto": "testeMercado",
        "titulo": "testeMercado | Sem Titulo...",
        "desc": "``` Sem Descrição... ```",
        "nome": "testeMercado",
        "valor": 0.01,
        "estoque": [
            "deu-certo",
            "deu-certo",
            "deu-certo"
        ],
        "minimo": 1,
        "banner": "remover"
    },
    "PAINEL EXTERNAL SEMANAL": {
        "idproduto": "PAINEL EXTERNAL SEMANAL",
        "titulo": "PAINEL EXTERNAL SEMANAL | Sem Titulo...",
        "desc": "``` Sem Descrição... ```",
        "nome": "PAINEL EXTERNAL SEMANAL",
        "valor": 23.99,
        "estoque": [
            "Abra um ticket de suporte para receber seu produto!",
            "Abra um ticket de suporte para receber seu produto!",
            "Abra um ticket de suporte para receber seu produto!",
            "Abra um ticket de suporte para receber seu produto!",
            "Abra um ticket de suporte para receber seu produto!",
            "Abra um ticket de suporte para receber seu produto!",
            "Abra um ticket de suporte para receber seu produto!",
            "Abra um ticket de suporte para receber seu produto!",
            "Abra um ticket de suporte para receber seu produto!",
            "Abra um ticket de suporte para receber seu produto!"
        ],
        "minimo": 1,
        "banner": "https://media.discordapp.net/attachments/1393326693376065648/1404948170554998884/image.png?ex=689db432&is=689c62b2&hm=9faddd4246b1de09e43833d229ec781732c710a573251bc3a603a71e918933be&=&format=webp&quality=lossless&width=1336&height=722"
    },
    "PAINEL EXTERNAL MENSAL": {
        "idproduto": "PAINEL EXTERNAL MENSAL",
        "titulo": "PAINEL EXTERNAL MENSAL | Sem Titulo...",
        "desc": "``` Sem Descrição... ```",
        "nome": "PAINEL EXTERNAL MENSAL",
        "valor": 39.99,
        "estoque": [
            "Abra um ticket de suporte para receber seu produto!",
            "Abra um ticket de suporte para receber seu produto!",
            "Abra um ticket de suporte para receber seu produto!",
            "Abra um ticket de suporte para receber seu produto!",
            "Abra um ticket de suporte para receber seu produto!",
            "Abra um ticket de suporte para receber seu produto!",
            "Abra um ticket de suporte para receber seu produto!",
            "Abra um ticket de suporte para receber seu produto!",
            "Abra um ticket de suporte para receber seu produto!",
            "Abra um ticket de suporte para receber seu produto!"
        ],
        "minimo": 1,
        "banner": "https://media.discordapp.net/attachments/1393326693376065648/1404948170554998884/image.png?ex=689db432&is=689c62b2&hm=9faddd4246b1de09e43833d229ec781732c710a573251bc3a603a71e918933be&=&format=webp&quality=lossless&width=1336&height=722"
    },
    "PAINEL EXTERNAL PERMANENTE": {
        "idproduto": "PAINEL EXTERNAL PERMANENTE",
        "titulo": "PAINEL EXTERNAL PERMANENTE | Sem Titulo...",
        "desc": "``` Sem Descrição... ```",
        "nome": "PAINEL EXTERNAL PERMANENTE",
        "valor": 79.99,
        "estoque": [
            "Abra um ticket de suporte para receber seu produto!",
            "Abra um ticket de suporte para receber seu produto!",
            "Abra um ticket de suporte para receber seu produto!",
            "Abra um ticket de suporte para receber seu produto!",
            "Abra um ticket de suporte para receber seu produto!",
            "Abra um ticket de suporte para receber seu produto!",
            "Abra um ticket de suporte para receber seu produto!"
        ],
        "minimo": 1,
        "banner": "remover"
    }
}